Link/Source,Headline/Topic,Publication Date,Event Date,Location/Owner of Publication,Geographic  Region,Tag Suggestion,Comments,Corroboration ,Photograph Avail?,Date Tweeted,Dipity Conversion?
http://networkedblogs.com/szLy4,Baha'I business closed in Sari (Arman Safa’I Business owner),5.January.2012,5.January.2012,Human Rights House of Iran,Iran/Sari,Polarization/Business Closure,Persian Source: http://www.rahana.org/archives/47159,,,,
http://networkedblogs.com/szLqp,Three Arrests in Kerman (Residence of Bakhtiyar Rasekhi) ,11.January.2012,6.January.2012,Human Rights House of Iran,Iran/Kerman,Polarization/Arrest,Persian Source: http://www.rahana.org/archives/47148,43,Y,,
http://networkedblogs.com/szL7W,Baha'I student (Shekofeh Mavdi (شکوفه مودی)  expelled from Zahedan University,11.January.2012,31.December.2011,Human Rights House of Iran,Iran/ Zahedan,Polarization / Expulsion,Persian Source: http://www.rahana.org/archives/47115,,N,,
http://www.cnn.com/2012/01/13/us/iran-boats-tensions/index.html,U.S. vessels harrassed by high speed Iranian boats,13.January.2012,6.January.2012,CNN,Iran/Navy/Strait of Hormuz,Secondary/International,,,,,
http://networkedblogs.com/t59og,Baha'I home raided in Sari  {Enayatullah Sana’i (عنایت الله سنایی)},22.January.2012,21.January.2012,Human Rights House of Iran,Iran/Sari,Polarization/House Raid/ Seizure,Persian Source : http://www.rahana.org/archives/47478,,Y,,
http://networkedblogs.com/t58NY,Sanandaj Baha'is pressured to abandon cemetery,17.January.2012,(Recent),Zandehbad Kurdistan Blog,Iran/Sanandaj,Dehumanization/,http://akbarkurdistan.blogspot.com/2012/01/blog-post_17.html,,,,
http://networkedblogs.com/t58Ac,Shahruk Ta'ef begins his 4 year sentence (Arrested January 14th 2009) ,23.January.2012,(Recent),Human Rights House of Iran,Iran/Tehran,Polarization / Sentencing,http://www.rahana.org/archives/47375,,,,
http://networkedblogs.com/szKnu,Two Baha'is arrested in Semnan (Adalat and Faramraz Firuzzayan(عدالت و فرامرز فیرروزیان)),11.January.2012,11.January.2012,Human Rights Activist News Agency,Iran/Semnan,Polarization / Search/ Seizure,http://www.hranews.info/1389-01-27-05-24-07/10914-1.html,,,,
http://networkedblogs.com/si5uX,Increasing pressure on the baha'is in the North of Iran,2.January.2012,(Recent),CHRR,Iran/Sari/Rasht,Polarization,http://www.chrr.biz/spip.php?article16849,,,,
http://www.huffingtonpost.com/2012/01/23/eu-iran-oil-embargo_n_1223012.html?ref=world,EU Oil Embargo Sanctions 'Unprecedented',23.January.2012,23.January.2012,Associated Press / Huffington Post,Iran/Brussels/,International/Sanctions,,,,,
http://networkedblogs.com/t8aEX,Foad Khanjani: Baha'I sentenced to four years in prison,24.January.2012,17.January.2012,Committee of Human Rights Reporters (CHRR),Iran/Tehran,Polarization/ Jail Sentence,http://www.chrr.biz/spip.php?article16978,,,,
http://bahaicause.blogspot.com/2012/01/new-crackdown-highlights-campaign-to.html,New crackdown highlights campaign to block progress of Iranian Baha'is,26.January.2012,2-12 January 12,BWNS,Iran/Kerman,Polarization,,,,,
http://networkedblogs.com/tmb4S,Elham Ruzbehi sentenced: 3 years,28.January.2012,28.January.2012,HRANA,Iran/Semnan,Polarization/Sentencing,http://www.hranews.info/1389-01-27-05-24-07/11196-1.html,,,,
http://networkedblogs.com/ts8Pc,Sadaf Thabetayan sentenced 2 years (BIHE),31.January.2012,8.January.2012,HRANA,Iran/Sari,Polarization/Sentencing,http://www.hranews.info/1389-01-27-05-24-07/11234-1.html,136,Y,,
http://networkedblogs.com/ts9dj,Sentence of Iqan Shahidi confirmed,1.February.2012,1.February.2012,PCED,,Polarization/Sentencing,http://www.edu-right.net/news/36-news/851-iqan-shahidi,"192, 121,",Y,,
http://networkedblogs.com/ts9jA,Kamran Rahimiyan and Faran Hesami sentenced 4 years (BIHE),1.February.2012,1.February.2012,PCED,Iran/Tehran,Polarization/Sentencing,http://www.edu-right.net/news/36-news/853-kamran-faran,120,,,
http://www.reuters.com/article/2012/02/03/us-nuclear-iran-usa-israel-idUSTRE81202Z20120203,Panetta believes Israel may strike Iran this spring: reports,2.Februrary.2012,2.February.2012,Reuters,Iran/Israel,Secondary/International,*See Forecasting ACES cumulated prediction scores (compare probability line graph),,,,
http://www.huffingtonpost.com/2012/02/05/iran-attack-enemies_n_1255676.html,"Iran will attack Countries Who Host Enemy Strikes, Says Hossein Salami, Head of Iran Revolutionary Guards",5.February.2012,2.February.2012,Reuters,Iran/International,Secondary/International,,,,,
http://www.reuters.com/article/2012/02/06/us-iran-idUSTRE81501820120206,"Obama says it's risky to attack Iran, wants diplomatic fix",5.February.2012,5.February.2012,Reuters,Iran/US,Secondary/International,,,,,
http://bahaicause.blogspot.com/search/label/Bahai%20in%20Iran,Multiple arrests of Baha'is in Shiraz (7 Arrests) (11 Arrests 2nd story),3.February.2012 / 5.February 2012,3.February,PCED,Iran/Shiraz,Polarization/Arrest/Home Search,http://www.edu-right.net/from-anywhere/human-rights/860-shiraz-bahai,"40, 29",,,
http://www.payvand.com/news/12/feb/1090.html?utm_source=twitterfeed&utm_medium=twitter,Iranian Intelligence Minister: Enemy seeking to stoke election tension,8.February.2012,8.February.2012,Mehr News Agency,Iran/International,Iran/National,,,,,
http://www.haaretz.com/news/middle-east/report-top-iran-military-official-aiding-assad-s-crackdown-on-syria-opposition-1.411402,Top Iranian military official aiding Assad's crackdown on Syria opposition,6.February.2012,6.February.2012,Haaretz.com,Iran/Syria,Iran/International,,,,,
http://www.rferl.org/content/severe_internet_disruptions_reported_in_iran/24480371.html,Severe Internet Disruptions Reported in Iran,10.February.2012,10.February.2012,Radio Free Europe Radio Liberty,Iran,Internet/Censorship,,,,,
http://www.rferl.org/content/explainer_irans_national_internet/24480343.html,Explainer: Iran's National Internet,10.February.2012,10.February.2012,Radio Free Europe Radio Liberty,Iran,Internet/Censorship,,,,,
http://networkedblogs.com/tQM2J,Baha'I student Sayyid Keyan Hashemi Dehaj ( سید کیان هاشمی دهج ) Expelled from Tehran University,11.February.2012,11.February.2012,PCED,Iran/Tehran,Polarization/Expulsion,http://www.edu-right.net/news/36-news/868-kian-hashemi,,Y,,
http://www.huffingtonpost.com/2012/02/13/irans-internet-email-acce_n_1273970.html?ref=world,Iran's Internet access is back,,,,,Internet/Censorship,,,,,
http://www.payvand.com/news/12/feb/1151.html?utm_source=twitterfeed&utm_medium=twitter,Iran to launch National Computing Grid,,,,,Internet/Censorship,,,,,
http://networkedblogs.com/tZJGe,"Four more arrests in Shiraz, two more summoned",15.February.2012,3.February.2012,Khabar Navard Blog,Iran/Shiraz,Polarization/Raids/Arrests,http://khabarnavard.blogspot.co.nz/2012/02/blog-post_12.html,21,,,
http://networkedblogs.com/tZJT7,Two Baha'is sentenced in Semnan province,15.February.2012,15.Februray.2012,RAHANA,Iran/Semnan,Polarization/Sentencing,http://www.rahana.org/archives/47917,,,,
http://networkedblogs.com/tZKos,"Summary of persecutions in Sari, Qaemshahr, Gorgan and Gonabad",11.February.2012,2-12.January.2012,BNS,Iran/Mazandaran/Golestan,Polarization/Arrests/Searches,http://news.persian-bahai.org/2012021103,,,,
http://networkedblogs.com/u7zLb,Bahai student expelled in Amol -  Shima Moufeqi ( شیما موفقی ),17.February.2012,17.February.2012,PCED,Iran/Amol,Polarization/Expulsion,http://www.edu-right.net/news/36-news/875-shomal-uni,,Y,,
http://sensday.wordpress.com/2012/02/19/eight-bahai-youth-arrested-in-mashhad/,Eight Bahai youth arrested in Mashad,18.February.2012,17.February.2012,RAHANA/Khabarnavard,Iran/Mashad,Polarization/Arrest,http://www.rahana.org/archives/48055,,,,
http://www.payvand.com/news/12/feb/1202.html?utm_source=twitterfeed&utm_medium=twitter,Iranian Internet Users cut off from e-mail again,20.Februrary.2012,20.February.2012,Radio Zamaneh,Iran,Internet/Censorship,,,,,
http://www.reuters.com/article/2012/02/22/us-iran-nuclear-idUSTRE81K1ZF20120222,Iran defiant as U.N. Nuclear talks fail,22.February.2012,20.February.2012,Reuters,Iran/Vienna,International,,,,,
http://sensday.wordpress.com/2012/02/22/bahai-writer-arrested-in-sari/,Baha'I writer arrested in Sari  (Atolli Derakshan( اتولی درخشان )) ,22.February.2012,21.February.2012,RAHANA,Iran/Sari,Polarization Arrest,http://www.rahana.org/archives/48168,,Y,,
http://www.payvand.com/news/12/feb/1228.html?utm_source=twitterfeed&utm_medium=twitter,UN Telecommunications Body Requires Iran to Stop Satellite Jamming,23.February.2012,23.February.2012,International Campaign for Human Rights in Iran,Iran/International,International/Internet Censorship,,,,,
http://sensday.wordpress.com/2012/02/24/two-bahais-in-mashhad-sentenced/,"Two Bahais in Mashad sentenced - Zhila Rezvani and Sa`ideh Faroughi ( ژیلا رضوانی و سعیده فروغی ),",24.February.2012,24.February.2012,HRANA,Iran/Mashad,Polarization/Arrest/Sentence,http://www.hranews.info/1389-01-27-05-24-07/11432-1.html,,,,
http://sensday.wordpress.com/2012/02/24/taraneh-turabi-sentenced-5-years-and-10-months/,Taraneh Turabi sentenced: 5 Years and 10 months,22.February.2012,22.February.2012,HRANA,Iran/Semnan,Polarization/Arrest,http://www.hranews.info/1389-01-27-05-24-07/11418-1.html,,,,
http://sensday.wordpress.com/2012/02/24/no-news-of-the-eleven-bahais-arrested-in-shiraz/,No news of the eleven Bahais arrested in Shiraz,24.February.2012,24.February.2012,RAHANA,Iran/Shiraz,Polarization/Arrest,http://www.rahana.org/archives/48212,21,,,
http://sensday.wordpress.com/2012/02/25/bahai-arrested-in-shiraz/,Bahai arrested in Shiraz - Houman Zara`i ( هومن زارعی ),25.Februrary.2012,23.February.2012,HRANA,Iran/Shiraz,Polarization/Arrest,http://www.hranews.info/1389-01-27-05-24-07/11445-1.html,,Y,,
http://sensday.wordpress.com/2012/02/25/student-expelled-in-babol/,Student expelled in Babol - Shahin Mousu’i ( شاهین موسوی ),25.Februrary.2012,25.February.2012,PCED,Iran/Babol,Polarization/Expulsion,http://www.edu-right.net/news/36-news/879-shahin-tabari,,Y,,
http://sensday.wordpress.com/2012/02/26/fourth-bahai-arrested-in-kerman/,Fourth Bahai arrested in Kerman (Erfan Shoj'ai),26.February.2012,20.February.2012,HRANA,Iran/Kerman,Polarization/Arrest,http://www.hranews.info/1389-01-27-05-24-07/11481-1.html,3,N,,
http://sensday.wordpress.com/2012/02/27/student-expelled-in-sari/,"Student expelled in Sari - Yasmin Fana’eyan (یاسمن فنائیان),",27.February.2012,27.February.2012,PCED,Iran/Sari,Polarization/Expulsion,http://www.edu-right.net/news/36-news/880-sari-uni,,Y,,
http://sensday.wordpress.com/2012/02/27/iranian-schools-ordered-to-identify-bahai-pupils/,Iranian schools ordered to identify Bahai pupils,27.February.2012,27.February.2012,HRANA,Iran(General),Preparation,http://www.hranews.info/1389-01-27-05-24-07/11484-1.html,,N,,
http://www.amnesty.org/en/news/iran-new-report-finds-surge-repression-dissent-2012-02-28,New Report finds surge in repression of dissent,28.February.2012,28.February.2012,Amnesty International,Iran(General),Repression,,,,,
http://www.pbs.org/wgbh/pages/frontline/tehranbureau/2012/02/live-blog-parliamentary-elections.html,,,,,,,,,,,
http://www.reuters.com/article/2012/03/02/us-usa-israel-iran-idUSTRE82108520120302,"Obama, Netanyahu set to confront divisons over Iran",2.March.2012,2.March.2012,,,International/US/Israel,,,,,
http://www.rferl.org/content/iran_parliamentary_elections_ahmadinejad/24501958.html,Iran's Parliamentary Elections Could Spell End for Ahmadinejad,3.March.2012,3.March.2012,,,Polical/Parliamentary Elections,,,,,
http://www.guardian.co.uk/world/2012/mar/04/iranian-human-rights-lawyer-jailed,Abdolfattah Soltani jailed for 18 years (co-founder of the CHRD) ,4.March.2012,4.March.2012,The Guardian,Iran/Tehran,Polarization/Preparation,http://www.chrr.biz/spip.php?article17391,153,Y,,
http://iranhr.net/spip.php?article2440,Annual Report on the Death Penalty in Iran: at least 676 executions in 2011,,,,,Political/Execution Report,,,,,
http://sensday.wordpress.com/2012/03/08/two-bahais-arrested-in-mashhad/,Two Bahais arrested in Mashad  Houriyyeh Mohsani (حوریه محسنی) and Negin Ahmadiyan (نگین احمدیان),7.March.2012,8.March.2012,HRANA,Iran/Mashad,Polarization/Arrest/Search/Seizure,http://www.hranews.info/1389-01-27-05-24-07/11591-1.html,,Y,,
http://sensday.wordpress.com/2012/03/09/14-bahais-summoned-in-qorveh/,14 Bahais summoned in Qorveh,9.March.2012,8.March.2012,RAHANA,Iran/Qorveh (Kurdistan),Polarization/Questioning,http://www.rahana.org/archives/48475,,,,
http://www.theatlantic.com/international/archive/2012/03/its-10-minutes-to-midnight-introducing-the-iran-war-clock/254178/#.T1je9HiLI7Y.twitter,It's 10 minutes to midnight Introducing the Iran War Clock,,,,,International/Iranian Strike Possibility,,,,,
http://sensday.wordpress.com/2012/03/10/sharam-chiniyan-meyandoab-sent-to-evin-prison/,Sharam Chiniyan sent to Evin Prison,,,,,Polarization/Prison Term,,,,,
http://sensday.wordpress.com/2012/03/11/detention-orders-for-kerman-3-extended/,Detention orders for Kerman 3 Extended,11.March.2012,10.March.2012,RAHANA,Iran /Kerman,Polarization/Detention,,,,,
http://sensday.wordpress.com/2012/03/11/four-bahais-sentenced-in-mashhad/,Four Bahais sentenced in Mashhad ,11.March.2012,10.March.2012,HRANA,Iran/Mashhad,Polarization/Sentencing,,,,,
http://sensday.wordpress.com/2012/03/11/afif-naeimi-transferred-to-hospital/,Afif Naemi transferred to Hospital (BIHE Leader),11.March.2012,10.March.2012,HRANA,,Polarization/Prison Transfer,,,,,
http://sensday.wordpress.com/2012/03/11/bahai-school-pupil-expelled-for-her-beliefs/,Bahai school pupil expelled for her beliefs (Afrouz Dhabihi),11.March.2012,11.March.2012,PCED,Iran/Sari,Polarization/Expulsion,http://www.edu-right.net/news/36-news/883-afrooz-zabihi-sampad,,Y,,
http://sensday.wordpress.com/2012/03/12/continued-detentions-for-10-in-shiraz-two-freed/,Continued detentions for 10 in Shiraz two freed,10.March.2012,12.March.2012,RAHANA,Iran/Shiraz,Polarization/Detention,http://www.rahana.org/archives/48512,21,,,
http://sensday.wordpress.com/2012/03/13/bahai-student-expelled-from-yazd-university/,Bahai student expelled from Yazd University (Meshkat Shadepour) ,13.March.2012,4.March.2012,BNS,Iran/Yazd,Polarization/Expulsion,,,,,
http://sensday.wordpress.com/2012/03/13/two-overviews-of-the-current-situation-of-bahais-in-iran/,Overviews of the current situation of Bahais in Iran,,,,,Report,,,,,
http://www.huffingtonpost.ca/irwin-cotler/election-iran_b_1315857.html,"Iran's Election Promises: Slaughter Imprisonment, Torture and Oppresion",,,,,Political/Regime Repression,,,,,
http://www.huffingtonpost.com/2012/03/15/swift-iran-sanctions_n_1347361.html?ref=world,SWIFT Cuts off Iran as Sanctions Vice Tightens,15.March.2012,15.March.2012,Associated Press / Huffington Post,Iran,International/Sanctions,http://www.youtube.com/watch?v=8Zub_5t_fqY&feature=youtu.be,,,,
http://sensday.wordpress.com/2012/03/17/two-bahais-in-mashhad-sentenced-2/,Two Bahais in Mashhad sentenced (Dari Amri & Mona Reza'i),17.March.2012,17.March.2012,HRANA,Iran/Mashad,Polarization/Sentencing,http://www.hranews.info/1389-01-27-05-24-07/11677-1.html,,,,
http://sensday.wordpress.com/2012/03/18/more-bahai-homes-targetted-in-shiraz/,More Baha'I homes targetted in Shiraz,17.March.2012,17.March.2012,CHRR,Iran/ Shiraz,Polarization/Search/Arrest,http://www.chrr.biz/spip.php?article17510,,,,
http://sensday.wordpress.com/2012/03/19/three-bahais-free-on-bail-in-mashhad/,"Three Bahais free on bail in Mashhad (Navid Nabili, Behnaz Hudadzadeh, Fattaneh Hajipour)",19.March.2012,19.March.2012,HRANA,Iran/Mashad,Bail,,33,,,
http://sensday.wordpress.com/2012/03/25/shiraz-arrestees-transferred-to-prisons/,Shiraz Arrestees transferred to prisons,22.March.2012,16.March.2012,HRANA,Iran/Shiraz,Polarization/Prison Transfer,http://www.hra-news.org/1389-01-27-05-27-21/11701-1.html,,,,
http://sensday.wordpress.com/2012/03/25/bakhtiyar-rasekhi-transferred-to-an-unknown-destination/,Bhaktiyar Rasekhi transferred to an unknown destination,25.March.2012,22.March.2012,HRANA,Iran/Kerman,Polarization/Prison Transfer,http://www.hra-news.org/1389-01-27-05-27-21/11705-1.html,,,,
http://sensday.wordpress.com/2012/03/29/natolli-derakshan-free-on-bail/,Natolli Derakshan free on bail,29.March.2012,27.March.2012,PCED,Iran/Sari,Bail,http://www.edu-right.net/from-anywhere/human-rights/894-natoli,36,,,
http://www.payvand.com/news/12/mar/1265.html?utm_source=twitterfeed&utm_medium=twitter,U.S. Adds Four Iranian Firms Two Individuals to Sanctions List,29.March.2012,29.March.2012,Radio Free Europe Radio Liberty,Iran/US,International / Sanctions,http://www.rferl.org/content/us_adds_4_firms_to_iran_sanctions/24530550.html,,,,
http://wp.me/pNMoJ-1eK,"Four Baha'I prisoners denied leave (Vahdat Dana, Afshin Ehsaniyan, Keyvan Kerami, & Farham Ma'sumi)",30.March.2012,30.March.2012,HRANA,Iran/Pir Banu Prison,Polarization/ Prison detention,http://www.hra-news.org/1389-01-27-05-27-21/11744-1.html,146,,,
http://wp.me/pNMoJ-1eP,"No clarity for 10 Baha'is detained in Shiraz (Yekta Fahandezh, Mezhdeh Falah, Mazhgan `Amadi, Eyman Rahmat-Penah, Nima Dehqan Munshadi, Farshid Yazdani, Farid `Amadi, Sina Sarikhani, Sam Jaberi and Houman Zara`i",31.March.2012,31.March.2012,HRANA,Iran / Shiraz,Polarization/ Prison detention,http://www.hra-news.org/1389-01-27-05-27-21/11746-1.html,,,,
http://sensday.wordpress.com/2012/04/03/another-arrest-in-the-mashhad/,Another arrest in Mashhad (Negar Mulkzadeh),3.April.2012,2.April.2012,HRANA,Iran/Mashad,Polarization/Arrest,http://www.hranews.info/1389-01-27-05-24-07/11769-1.html,33,Y,,
http://www.payvand.com/news/12/apr/1028.html?utm_source=twitterfeed&utm_medium=twitter,Western Sanctions on Iranian Banks Make Trade Harder,4.April.2012,4.April.2012,VOA,Iran/West,International / Sanctions,,,,,
http://www.payvand.com/news/12/apr/1033.html?utm_source=twitterfeed&utm_medium=twitter,First phase of Iranian 'Clean' internet to launch soon.,4.April.2012,4.April.2012,Radio Zamaneh,Iran,Internet/Censorship,,,,,
http://www.payvand.com/news/12/apr/1019.html?utm_source=twitterfeed&utm_medium=twitter,World calls for unconditional release of Baha'I leaders and other Iranian prisoners of conscience,3.April.2012,3.April.2012,BWNS,Iran/World,Awareness/International,http://news.bahai.org/story/904,,,,
http://sensday.wordpress.com/2012/04/06/iqan-shahidi-to-begin-sentence/,Iqan Shahidi to begin sentence,6.April.2012,6.April.2012,PCED,Iran/Tehran,Polarization/Prison Sentence,http://www.edu-right.net/news/36-news/901-iqan-shahid,16,,,
http://wp.me/pNMoJ-1fK,Another Baha'I business closed in Semnan (Ali Tabiyaniyan: Owner),7.April.2012,18.February.2012,Khabar Navard Blog,Iran/Semnan,Polarization/Business Closure,http://khabarnavard.blogspot.ca/2012/04/blog-post.html,,,,
http://wp.me/pNMoJ-1fP,New raids on Baha'I homes in Shiraz,9.April.2012,9.April.2012,Private Communication (E-mail),Iran/Shiraz,Polarization/House Raid/ ,Private E-Mail Source,,,,
http://wp.me/pNMoJ-1fT,Two Baha'I Children expelled from school in Najafabad,9.April.2012,26.March.2012,BNS,Iran/Najafabad (Isfahan),Polarization/Expulsion,http://news.persian-bahai.org/2012032601,,,,
http://wp.me/pNMoJ-1fW,Summary of recent  harassments incidents,,,,,,,,,,
 http://wp.me/pNMoJ-1g1,One Baha'I arrest in Karaj (Sarir Sadiqi) ,9.April.2012,8.April.2012,HRANA,Iran/Karaj,Polarization/Arrest,http://www.hranews.info/1389-01-27-05-24-07/11829-1.html,"21,98",Y,,
http://img.ibtimes.com/www/articles/20120409/325415_iran-internet-intranet-censorhip-freedom-tehran-google.htm,"Iran to Shut Down Internet Permanently ""Clean' National Intranet in Pipeline",,,,,Internet/Censorship,,,,,
http://wp.me/pNMoJ-1g5,Increasing pressure on Shiraz Prisoners,9.April.2012,(Recent),HRANA,Iran/Shiraz,Polarization/ Prison detention,http://www.hra-news.org/1389-01-27-05-27-21/11828-1.html,,,,
http://gcn.com/articles/2012/04/10/iran-building-separate-isolated-internet.aspx,Iran building a private isolated internet but can it shut off the world?,,,,,Internet/Censorship,,,,,
http://www.huffingtonpost.com/2012/04/14/iran-nuclear-talks-diplom_n_1425439.html?ref=world,Iran Nuclear Talks: Diplomat Says Talks Show Progress,14.April.2012,14.April.2012,Huffingtonpost ,Iran,International /Diplomacy,,,,,
http://wp.me/pNMoJ-1go,Shahram Chiniyam transferred to Raja'I Shahr prison,15.April.2012,15.April.2012,HRANA,Iran/Karaj,Polarization/Prison Transfer,http://www.hra-news.org/1389-01-27-05-27-21/11882-1.html,,,,
http://wp.me/pNMoJ-1gt,Further arrests in Bojnord,16.April.2012,7 -14.April.2012,HRANA,Iran/Bojnord,Polarization/Arrest,http://www.hranews.info/1389-01-27-05-24-07/11893-1.html,,,16.April.2012,
http://www.iol.co.za/news/world/iran-hangs-eight-drug-traffickers-1.1277098,Iran hangs eight drug traffickers,16.April.2012,16.April.2012,Iolnews,,,,,,,
http://sensday.wordpress.com/2012/04/17/rasekhi-family-moved-to-jails-general-wing/,Rasekhi family moved to jail's general wing,16.April.2012,16.April.2012,HRANA,Iran/Kerman,Polarization/Prison Transfer,http://www.hra-news.org/1389-01-27-05-27-21/11895-1.html,"2,69",,16.April.2012,
http://wp.me/pNMoJ-1gA ,Concern about Sam Jaberi's health in prison,16.April.2012,16.April.2012,HRANA,Iran/Shiraz,Polarization/Prison Health Condition,http://www.hra-news.org/1389-01-27-05-27-21/11897-1.html,,Y,19.April.2012,
http://wp.me/pNMoJ-1gE,Two Baha'I prisoners in Shiraz moved to a more stringent wing,16.April.2012,16.April.2012,HRANA,Iran/Shiraz,Polarization/Prison Transfer,http://www.hra-news.org/1389-01-27-05-27-21/11897-1.html,,Y,19.April.2012,
http://wp.me/pNMoJ-1gf,Two Arrests in Bojnord,10.April.2012,10.April.2012,PCED,Iran/Bojnord (North Khorasan Province),Polarization/Arrest,http://www.edu-right.net/from-anywhere/human-rights/912-sanaei-bojnurd,,,,
http://wp.me/pNMoJ-1gM,Daniel Ouji summoned to prison,18.April.2012,18.April.2012,HRANA,Iran/Tehran,Polarization/Summons,http://www.hranews.info/1389-01-27-05-24-07/11915-1.html,,,19.April.2012,
http://wp.me/pNMoJ-1gS,Two Arrested in Qaemshahr (Sahel Miri & Raheleh Miri) ,18.April.2012,18.April.2012,Khabar Navard Blog,Iran/Qaemshahr,Polarization/Arrest,http://khabarnavard.blogspot.ca/2012/04/blog-post_18.html,"107,108,99",Y,19.April.2012,
http://wp.me/pNMoJ-1gY,"Another Arrest and beating by Security forces, in Qaemshahr (Anis Moti'I)  ",18.April.2012,18.April.2012,Khabar Navard Blog,Iran/Qaemshahr,Polarization/ Arrest / Beating,http://khabarnavard.blogspot.ca/2012/04/blog-post_454.html,,Y,19.April.2012,
http://wp.me/pNMoJ-1h4,Sarir Sadeqi under pressure in Shiraz Detention Centre,19.April.2012,19.April.2012,PCED,Iran/Shiraz,Polarization/Detention,http://www.edu-right.net/from-anywhere/human-rights/920-sarir-sadeghi,"21,83,",Y ,19.April.2012,
http://wp.me/pNMoJ-1h8,Six Baha'is arrested in Qaemshahr,19.April.2012,12.April.2012,HRANA,Iran/Qaemshahr,Polarization/Arrest,"http://www.hranews.info/1389-01-27-05-24-07/11930-1.html, Additional Information avail for DP, 97, separate datapoints for individual cases listed required.","107,108",,19.April.2012,
http://wp.me/pNMoJ-1hc,Baha'I Student expelled from Kerman Medical University (Elhan Mehrebani-Yazdi),19.April.2012,19.April.2012,HRANA,Iran/Kerman,Polarization/Expulsion,http://www.hranews.info/1389-01-27-05-24-07/11934-1.html,,,19.April.2012,
http://wp.me/pNMoJ-1hs,Another Baha'I business closed in Semnan (Farhad Fana'ayan: Owner),25.April.2012,18.April.2012,HRANA,Iran/Semnan,Polarization/Business Closure,http://www.hranews.info/1389-01-27-05-24-07/12009-1.html,,,26.April.2012,
http://wp.me/pNMoJ-1hs,Erfan Ehsani arrested again in Sansgar,23.April.2012,21.April.2012,Khabar Navard Blog,Iran/Sansgar,Polarization/Arrest,http://khabarnavard.blogspot.ca/2012/04/blog-post_23.html,,,26.April.2012,
http://wp.me/pNMoJ-1hx,Two Baha'I women in Semnan Tried,26.April.2012,9.April.2012,HRANA,Iran/Semnan,Polarization/Sentencing,,,,26.April.2012,
http://wp.me/pNMoJ-1hL,Nine Baha'is freed on bail in Shiraz,1.May.2012,1.May.2012,HRANA,Iran/Shiraz,Release on Bail,,,,,
http://wp.me/pNMoJ-1hQ,One Baha'I Student expelled from Isfahan University (Puya Muhammed-Dehaj),3.May.2012,3.May.2012,PCED,Iran/Isfahan,Polarization/Expulsion,,,,,
http://www.reuters.com/article/2012/05/04/us-iran-un-rights-idUSBRE8430SJ20120504,"U.N. Rights rights expert decry ""mounting repression"" in Iran",4.May.2012,4.May.2012,Reuters,Iran,International,,,,,
http://ireport.cnn.com/docs/DOC-785340,Iranian Man imprisoned for marrying a Muslim girl,4.May.2012,18.April.2012,CNN/Ireport/ Sen McGlinn,Iran/Qaemshahr,Polarization/Preparation,,"99,108",,,
http://wp.me/pNMoJ-1hV,Qaemshahr Sehel Miri accused of marrying and converting a Muslim Girl,4.May.2012,18.April.2012,HRANA,Iran/Qaemshahr,Polarization/Preparation,,"107, 99",,,
http://wp.me/pNMoJ-1i1,Sama Nourani excluded from open University,5.May.2012,5.May.2012,PCED,Iran/Golestan,Polarization/Expulsion,,1-121,,,
http://www.huffingtonpost.com/2012/05/05/iran-elections-2012-ahmadinejad_n_1483744.html?ncid=edlinkusaolp00000009,Iran Elections 2012 Ahmadinejad Routed by Rivals,5.May.2012,5.May.2012,Huffingtonpost ,Iran,Domestic/Political,,,,,
http://www.nytimes.com/2012/04/30/world/middleeast/chances-of-iran-strike-receding-us-officials-say.html?_r=2,Experts believe Iran Conflict Is Less Likely,30.April.2012,30.April.2012,New York Times,Iran,International/Political,,,,,
http://www.ncr-iran.org/en/ncri-statements/human-rights/11924-10-prisoners-were-executed-on-monday-in-tehran-and-tabriz,10 Prisoners were executed on Monday in Tehran and Tabriz,,,,,,,,,,
http://wp.me/pNMoJ-1i5 ,Trial of 189 Sufis begins,5.May.2012,3.May.2012,HRANA,Iran/Tehran,(Secondary) Polarization/Trial/Sufis,,,,,
http://wp.me/pNMoJ-1i9,Three baha'is bailed in Masshad,6.May.2012,12.April.2012,Baha'I News Service,Iran/Mashhad,Release on bail,,,,,
http://wp.me/pNMoJ-1ie,Charges against Isfahan Christians include contact with Baha'is,7.May.2012,7.May.2012,Farsi Christian News Network,Iran/Isfahan,Polarization/Christian Contact,,,,,
http://wp.me/pNMoJ-1ii,No news of the Moti'I brothers,6.May.2012,6.May.2012,HRANA,Iran/Sari,Polarization/Detention,,,,,
http://wp.me/pNMoJ-1iq ,Four Baha'I prisoners in Semnan interrogated again,8.May.2012,6.May.2012,HRANA,Iran/Semnan,Polarization/Questioning,,,,,
http://wp.me/pNMoJ-1iu,Omid Firuzeyan tried in Semnan,8.May.2012,6.May.2012,HRANA,Iran/Semnan,Polarization/Trial,,,,,
http://wp.me/pNMoJ-1iz,Kamran Rahimiyan and Faran Hesami sentencs confirmed (BIHE),13.May.2012,13.May.2012,PCED,Iran/Tehran,Polarization/Sentencing/Confirmation,,17,,,
http://wp.me/pNMoJ-1iF,Two more Baha'is arrested in Semnan one free on bail (Akbar Pourhosseini & Afrasayab Sobhani),15.May.2012,14.May.2012,PCED,Iran/Semnan,Polarization/Search/Arrest/Seizure,,,,,
http://wp.me/pNMoJ-1iO,Sarir Sadeqi transferred to Shiraz,15.May.2012,15.May.2012,HRANA,Iran/Shiraz,Polarization/Prison Transfer,,"83, 98",,,
http://wp.me/pNMoJ-1iS,Riaz Sobhani transferred to a Tehran hospital (BIHE),14.May.2012,14.May.2012,Khabar Navard Blog,Iran/Tehran,Polarization/Prison Transfer/Health Conditions,,142,,,
http://wp.me/pNMoJ-1j0,"Threes Baha'is in Kerman sentenced for work on behalf of children (Saman Astuvari, Nahale Shahidi and Sahar Beyram Abadi)",16.May.2012,16.May.2012,HRANA,Iran/Kerman,Polarization/Sentencing,,,Y,,
http://wp.me/pNMoJ-1j5,Baha'I man 85 arrested (Muhammad Hussein Nakh'i) ,16.May.2012,14.May.2012,Khabar Navard Blog,Iran/Khusf,Polarization/Seizure/Arrest/Questioning,,,,,
http://wp.me/pNMoJ-1ja,Two more freed on bail in Mashhad handicrafts case (Negin Ahmadiyan and Houriyyeh Mohsani),9.May.2012,"4, 8 April.2012",Baha'I News Service,Iran/Mashhad,Release on Bail,,,,,
http://www.huffingtonpost.com/2012/05/24/iran-nuclear-talks_n_1542264.html?ref=world,Iran Nuclear Talks: Hit a Snag over Sanctions,24.May.2012,24.May.2012,Reuters,Iran ,International,,,,,
http://www.huffingtonpost.com/2012/05/25/iran-nuclear-program_n_1545088.html?ref=world,Traces of Higher Enriched Uranium Found at Nuclear Site,25.May.2012,25.May.2012 ,Associated Press / Huffington Post,Iran,International,,,,,
http://www.guardian.co.uk/world/2012/may/29/houla-massacre-us-accuses-iran?newsfeed=true,Houla Massacre: US accuses Iran of 'bragging' about its military about its military to Syria,29.May.2012,29.May.2012,The Guardian,Iran,International,,,,,
http://wp.me/pNMoJ-1jf,"Total of seven sentenced in Bam Child Care Case (Saman Astuvari, `Ali Divsalar, Sahar Beyram Abadi, Sara Hajj-Abrahimi and Nahale Shahidi, Nayusha Badi`i Thabet,Shamis Nourani and Soulemaz Qasemi )",18.May.2012,18.May.2012,PCED,Iran/Tehran,Polarization/Prison Sentence,,,,,
http://wp.me/pNMoJ-1jj ,"More arrests in Najafabad, Isfahan Province (as Behram Fardowsian, Mona Pir-`Ali, Sho`eleh Afshari and `Azim Tabibi)",19.May.2012,15.May.2012,HRANA,Iran/Najafabad (Isfahan),Polarization/search/seizure/arrest,,,,,
http://wp.me/pNMoJ-1jn,Anisa Fana'ayan sentenced 4 years and 4 months,20.May.2012,20.May.2012,HRANA,Iran/Non-Descript,Polarization/Sentencing,,"124, 144",,,
http://wp.me/pNMoJ-1jr,Yekta Fahandezh expelled from university in Shiraz,23.May.2012,22.May.2012,PCED,Iran/Shiraz,Polarization/Expulsion,,,,,
http://wp.me/pNMoJ-1jH,Two arrests in Bandar Abbas (Mehnaz Jan-tasar and Basimeh Aqaqi ),27.May.2012,26.May.2012,PCED,Iran/Bandar Abbas,Polarization/search/seizure/arrest,,,,,
http://wp.me/pNMoJ-1jL,One arrest in Isfahan (Atefeh Anvari ),28.May.2012,10.May.2012,HRANA,Iran/Isfahan,Polarization/search/seizure/arrest,,,,,
http://wp.me/pNMoJ-1jQ,Puya Tabiyaniyan sentenced: six years and six months,28.May.2012,April,PCED,Iran/Semnan,Polarization/Sentencing,,,Y,,
http://wp.me/pNMoJ-1kt,Sadaf Thabetayan begins sentence (BIHE),28.May.2012,27.May.2012,PCED,Iran/Tehran,Polarization/Arrest/Sentence,,15,Y,,
http://wp.me/pNMoJ-1kz,Review court confirms 5-year sentences for Noura Nabilzadeh and Sonya Ahmadi,29.May.2012,29.May.2012,HRANA,Iran/Khurasan,Polarization/Sentencing,,,,,
http://wp.me/pNMoJ-1kD,Zhinous Nourani and Roufiya Bidaqi begin serving their sentences,30.May.2012,27.May.2012,HRANA,Iran/Semnan,Polarization/Sentence Beginning,,,Y,,
http://wp.me/pNMoJ-1kJ ,Omid Firuzeyan sentence announced,28.May.2012,28.May.2012,Khabar Navard Blog,Iran/Non-Descript,Polarization/Sentencing,,118,,,
http://www.nytimes.com/2012/06/01/world/middleeast/obama-ordered-wave-of-cyberattacks-against-iran.html?_r=1&pagewanted=all,Obama order sped up wave of Cyber Attacks against Iran,,,,,International/Espionage,,,,,
http://wp.me/pNMoJ-1kP,One Baha'I arrest in Birjand (Shahram Moktari),1.June.2012,24.April.2012,HRANA,Iran/Birjand(South Khorasan Province),Polarization/Arrest,,124,,,
http://wp.me/pNMoJ-1kU,Riaz Sobhani refused medical leave,1.June.2012,1.June.2012,International Campaign for Human Rights in Iran,Iran/Rajee Shahr Prison,Polarization/Detention/Health Conditions,,122,Y,,
 http://wp.me/pNMoJ-1l3,Waheed Khulosi sentenced 5 years,6.June.2012,6.June.2012,HRANA,Iran/Tehran,Polarization/Sentencing,,,Y,,
http://wp.me/pNMoJ-1l8,Siamak Iqani's health deteriorates,3.June.2012,3.June.2012,Khabar Navard Blog,Iran/Semnan,Polarization/Detention/Health Conditions,,131,,,
http://wp.me/pNMoJ-1li,Holy day celebration raided in Tenakbon: one arrest (Sa'id Azimi) ,8.June.2012,29.May.2012,PCED,Iran/Tenakbon,Polariztion/Raid/Arrest,,,,,
http://wp.me/pNMoJ-1ln,Vahdat Dana transferred to Ministry of Intelligence custody,7.June.2012,7.June.2012,HRANA,Iran/Pir Banu Prison,Polarization/Prison Transfer,,72,Y,,
 http://wp.me/pNMoJ-1ls,Baha'I student expelled  at Kherameh campus of Payam-e Nour University (Sepideh Vaziri Porhaqiqi),9.June.2012,9.June.2012,PCED,Iran/Fars Province,Polarization/Expulsion,,,Y,,
http://wp.me/pNMoJ-1lz,Another Baha'I arrested in Sari (Faran Khan Yaghima),10.June.2012,10.June.2012,HRANA,Iran/Sari,Polarization/search/seizure/arrest,,165,Y,,
http://wp.me/pNMoJ-1lG,Seven Baha'is Questioned in Semnan,12.June.2012,12.June.2012.,HRANA,Iran/Semnan,Polarization/Questioning,,,,,
http://sensday.wordpress.com/2012/06/12/two-bahai-businesses-closed-in-semnan/,Two Baha'I businesses closed in Semnan,12.June.2012,27.May.2012,HRANA,Iran/Semnan,Polarization/Business Closure,,,,,
http://wp.me/pNMoJ-1lP,Adel Fana'ayan begins another prison term,12.June.2012,11.June.2012,HRANA,Iran/Semnan,Polarization/Prison Term,,,Y,,
http://wp.me/pNMoJ-1lU,Keyvan Kerami released from prison,11.June.2012,28.May.2012,PCED,Iran/Shiraz,Release ,,,,,
http://wp.me/pNMoJ-1lZ,Abdolfattah Soltani sentenced to 13 years (co-founder of the CHRD) ,13.June.2012,13.June.2012,Radio Free Europe Radio Liberty,Iran/Tehran,Sentence Reduction,,50,,,
http://wp.me/pNMoJ-1m5,Five Bahais released from prison in Shiraz and Mashhad,13.June.2012,12-13.June.2012.,PCED,Iran/Shiraz,Sentence Served (Release),,,Y,,
http://wp.me/pNMoJ-1ma,One Bahai on trial in Semnan (Afrasayab Sobhani),14.June.2012,14.June.2012,HRANA,Iran/Tehran,Polarization/Trial,,120,,,
http://wp.me/pNMoJ-1me,"Four Bahais freed on bail in Shiraz (Farid `Amadi, Nima Dehqan, Houman Zara`i and Sarir Sadeqi)",15.June.2012,15.June.2012,PCED,Iran/Shiraz,Release on Bail,,"41, 73, 83, 98, 121",Y,,
http://www.payvand.com/news/12/may/1284.html?utm_source=twitterfeed&utm_medium=twitter,"Powerful Flame Virus Computer Hits Iran, Mideast",29.May.2012,29.May.2012,Radio Free Europe Radio Liberty,Iran/International,International/Espionage,,,,,
http://t.co/uQ1sNLM2,Tehran back alley bankers flourishing under sanctions,28.May.2012,28.May.2012,The Globe and Mail,Iran/International,International/Economic,,,,,
http://english.alarabiya.net/articles/2012/06/15/220811.html,European Parliament condemns Iran's violation of minorities rights,15.June.2012,15.June.2012,Al Arabiya News,Iran/International,International/Political,,,,,
http://www.jpost.com/IranianThreat/News/Article.aspx?id=272613,Israelis evenly split on attacking Iran,4.June.2012,4.June.2012,The Jerusalem Post,Iran/Israel,International/Political,,,,,
https://citizenlab.org/2012/05/iranian-anti-censorship-software-simurgh-circulated-with-malicious-backdoor-2/#May30update,Iranian anti-censorship software 'Simurgh' circulated with malicious backdoor,25.May.2012,25.May.2012 ,Munk School of Global Affairs,Iran,Internet/Censorship,,,,,
http://www.reuters.com/article/2012/06/17/us-iran-nuclear-talks-idUSBRE85G0Q120120617?feedType=RSS&feedName=Iran&virtualBrandChannel=10209&utm_source=dlvr.it&utm_medium=twitter&dlvrit=59365,Iran nuclear talks resume in nervous atmosphere,17.June.2012,,,,International/Political,,,,,
http://wp.me/pNMoJ-1mr,Review court in Semnan slashes two sentences and quashes one,22.June.2012,22.June.2012,HRANA,Iran/Semnan,Sentence Reduction,,,,,
http://sensday.wordpress.com/2012/06/22/keyvan-rahimiyan-sentenced-5-years-and-a-heavy-fine/,Keyvan Rahimiyan (BIHE) sentenced 5 years and a heavy fine,22.June.2012,12.June.2012,HRANA,Iran/Tehran,Polarization/Sentencing  Release on Bail,,,Y,,
http://wp.me/pNMoJ-1mC,Detention of Faran Khan Yaghma extended,20.June.2012,20.June.2012,PCED,Iran/Sari,Polarization/Detention,,148,,,
http://wp.me/pNMoJ-1mI,Bahai student expelled from Tehran University (Shaqaa'eq Agahi ),22.June.2012,20.June.2012,100 letters for freedom (blog),Iran/Tehran,Polarization/Expulsion,,,,,
http://wp.me/pNMoJ-1mX,Another Arrest in Semnan (Taher Eskandriyan ),26.June.2012,23.June.2012,HRANA,Iran/Semnan,Polarization/Search/Arrest/Seizure,,,,,
http://wp.me/pNMoJ-1n2 ,Pressure on Baha'i farmers and villagers around Kata escalates,28.June.2012,25.June.2012,PCED,Iran/Kata,Prepararation/Polarization (seizure/arrest),,,,,
 http://wp.me/pNMoJ-1n6,Neda Sabeti summoned in Abadan,29.June.2012,16.June.2012,HRANA,Iran/Abadan,Polarization/Summons,,,Y,,
http://wp.me/pNMoJ-1na,Farhad Sadeqi granted leave for medical care,1.July.2012,30.June.2012,HRANA,Iran/Karaj,Medical Leave (prisoner),,175,,,
http://wp.me/pNMoJ-1nf,Samin Ehsani sentenced 5 years,2.July.2012,Trial (June 10) / Recent days,HRANA,Iran,Polarization sentencing,,,,,
http://wp.me/pNMoJ-1nn,Baha'I student expelled from Tehran University (Mi'ad & Mithaq Afshar),4.July.2012,4.July.2012,HRANA,Iran/Tehran,Polarization/Expulsion,,,Y,,
http://www.iranpresswatch.org/post/9099?utm_source=feedburner&utm_medium=feed&utm_campaign=Feed%3A+iranpresswatch+%28Iran+Press+Watch%3A+The+Baha%27i+Community%29,Demolition of dam and confiscation of livestock of Baha'I farmers in Sangesar,7.July.2012,(past few months) June,HRANA,Iran/Sangesar,Preparation/Polarization,,174,,,
http://wp.me/pNMoJ-1nr ,Water and electricity to Bahai hamlet cut off,7.July.2012,(Recent Months) June,Iran Press Watch,Iran/Dazgareh-Afshar,Preparation/Polarization,,173,,,
http://wp.me/pNMoJ-1nx,Farhad Sadeqi returns to prison,7.July.2012,7.July.2012,Lissnup,Iran/Karaj,Polarization/Detention,,170,,,
http://wp.me/pNMoJ-1nD,Two Bahai students arrested in Tehran (Mithaq and Mi'ad Afshar),10.July.2012,10 July.2012,PCED,Iran/Tehran,Polarization/Search/Raid,,172,,,
http://wp.me/pNMoJ-1o7 ,Home searches and at least 6 arrests in Tehran,11.July.2012,10-11.July.2012,PCED,Iran/Tehran,Polarization/Search/Arrest/Raid,,,Y,,
http://wp.me/pNMoJ-1oc,"Two raids, three arrests in Masshad",11.July.2012,11.July.2012,Khabar Navard Blog,Iran/Masshad,Polarization/Search/Arrest/Raid,,,Y,,
http://wp.me/pNMoJ-1oy,Family has contact with Mi'ad Afshar,14.July.2012,13.July,PCED,Iran/Bandar/Abbas,Follow up,,,,,
http://wp.me/pNMoJ-1oD,Fu'ad Moqaddam and Emanullah Mostaqim setenced (BIHE): 5 years,14.July.2012,14.July.2012,PCED,Iran/Tehran,Polarization/Sentencing,,,Y,,
http://wp.me/pNMoJ-1oL,One arrest in Shiraz (Hamid Eslami) ,15.July.2012,14.July.2012,Personal Communication (Sen's Daily),Iran/Shiraz,Polarization/Search/Arrest/Seizure,,,,,
http://www.huffingtonpost.com/2012/07/19/ahmadinejad-sanctions-west-battle-iran_n_1685731.html?utm_hp_ref=world,Ahmadinejad: Sanctions from the West Begin 'Battle' Against Iran,19.July.2012,19.July.2012,,,International Economic,,,,,
http://www.huffingtonpost.com/2012/07/06/iran-nuclear-program-tv-poll_n_1654353.html?utm_hp_ref=world,Iran Nuclear Program Should Be Abandoned State TV Viewers Say,6.July.2012,6.July.2012,,,Domestic/Political,,,,,
http://www.payvand.com/news/12/jul/1174.html?utm_source=twitterfeed&utm_medium=twitter,The Coming of the Mahdi Virus: A New Computer Worm Hits Iran and the Middle East,19.July.2012,19.July.2012,VOA (Voices of America),,International/Cyber-Espionage,,,,,
http://t.co/lfhh3hQO,Treasury Warns of 'Deceptive Practices' by Iran Shipping,19.July.2012,19.July.2012,,,International,,,,,
http://wp.me/pNMoJ-1oU,Detention without trial extended for 3 Bahais of Kerman,15.July.2012,15.July.2012,PCED,Iran/Kerman,Polarization/Detention,,"3, 69, 91, 200",Y,,
http://wp.me/pNMoJ-1oZ,Faran Hesami begins her sentence,15.July.2012,15.July.2012,PCED,Iran/?,Polarization/Sentence Beginning,,,,,
http://wp.me/pNMoJ-1p9,Afif Naemi transferred to Hospital (BIHE Leader),16.July.2012,16.July.2012,HRANA,Iran/Karaj,Polarization/Prison Transfer/Health Conditions,,,Y,,
http://wp.me/pNMoJ-1pj,Raid and arrest in Shiraz,16.July.2012,14.July.2012,PCED,Iran/Shiraz,Polarization/Search/Arrest/Seizure,,,,,
http://wp.me/pNMoJ-1pn,Ministry enforces shunning of Bahais in Khuzestan,17.July.2012,17.July.2012,HRANA,Iran/Khuzestan,Polarization/Harassement,,,,,
http://wp.me/pNMoJ-1pr,"Confirmation and details of three arrests in Tehran, Shiraz",17.July.2012,10/14.July.2012,PCED,Iran/Tehran/Shiraz,Polarization/Arrest,,,,,
http://wp.me/pNMoJ-1pC,Mi'ad Afshar free on bail,18.July.2012,18.July.2012,PCED,Iran/Bandar Abbas,Release on bail,,,,,
http://wp.me/pNMoJ-1pG,Sara Mahbubi begins her sentence,19.July.2012,19.July.2012,PCED,Iran/Sari,Polarization/Sentence Beginning,,,Y,,
http://wp.me/pNMoJ-1pL ,Bahai business closed down in Bojnurd,21.July.2012,June (approx),HRANA,Iran/Bojnord,Polarization/Business Closure,,,,,
http://wp.me/pNMoJ-1pP,Aziz Samandari Samandari begins 5 year sentence,21.July.2012,7.July.2012,Iran Press Watch,Iran/Tehran,Polarization/Sentence Beginning,,,,,
http://wp.me/pNMoJ-1pV,Gurdarz Bidaqi begins his prison sentence,22.July.2012,22.July.2012,HRANA,Iran/Semnan,Polarization/ Sentence Beginning,,,Y,,
http://wp.me/pNMoJ-1q0,Erfan Ehsani sentenced 1 year,22.July.2012,22.July.2012,HRANA,Iran/Semnan,Polarization/Sentence,,102,y,,
http://wp.me/pNMoJ-1q5,Two nursing mothers sent to Semnan prison (Zahra Nik-A'in & Taraneh Torabi),24.July.2012,24.July.2012,HRANA,Iran/Semnan,Polarization/ Sentence Beginning,,,,,
http://wp.me/pNMoJ-1qb,Two more arrests in Tehran (Shamim Na'imi & Nahid Zahra'i),24.July.2012,23.July.2012,PCED,Iran/Tehran,Polarization/Arrest,,,y,,
http://wp.me/pNMoJ-1qg ,Three members of the Rasekhi family free on bail,24.July.2012,24.July.2012,PCED,Iran/Kerman,Release on bail,,,,,
http://wp.me/pNMoJ-1qx ,Security Forces Try to Arrest Bashir Ehsani,28.July.2012,25.July.2012,Khabar Navard Blog,Iran/Tehran,Polarization/Arrest Attempt,,,Y,,
 http://wp.me/pNMoJ-1qE,Two Bahais Sentenced in Semnan (Nader Kesa'I & Nedar Majidi),28.July.2012,28.July.2012,HRANA,Iran/Semnan,Polarization/Sentencing,,,,,
http://wp.me/pNMoJ-1qJ ,Ramin Zeba'I gets 3 days leave from prison,29.July.2012,28.July.2012,HRANA,Iran/Karaj,Polarization/ Prison Leave,,,Y,,
http://wp.me/pNMoJ-1qP,Zhinous Nourani and Roufiya Bidaqi accused of reporting prison conditions and punished,30.July.2012,30.July.2012,HRANA,Iran/Semnan,Polarization/Prison Conditions,,,,,
http://wp.me/pNMoJ-1rp,"Three Tehran Bahais free on bail (Nasim Ashrafi, Shamis Mohajer & Zhinous Rahimi)",30.July.2012,30.July.2012,PCED,Iran/Tehran,Release on bail,,,,,
http://wp.me/pNMoJ-1rw ,"Wave of Arrests in Iran ( Sasan Haqiri, Shahram Eshraqi, Adhar Pourkhourasand, Mr. Naqipour and Saba Golshan , Mrs. Tahereh Reza'I, Khosro Dehqani, Vida Parvini and Noghmeh Farabi, Faribourz Baghi, Farida Ashtari, Nateq Na'imi, Farhnaz Rostami and Iman Rashidi",1.August.2012,1.August.2012,PCED,Iran/Isfahan/Yazd/Arak,Polarization/Arrest,,,,,
http://wp.me/pNMoJ-1rF,Brotherhood spokesperson in Egypt: no freedom for Bahais,2.August.2012,1.August.2012,,Egypt,International,,,,,
http://wp.me/pNMoJ-1rO,"Bahai homes, workplace and shop searched in Qaemshar",1.August.2012,30.July.2012,HRANA,Iran/Qaemshahr,Polarization/Search/Seizure,,,,,
http://wp.me/pNMoJ-1rX ,"One new Arrest in Yazd, further information on the recent arrestees (Novid Haqiqi)",3.August.2012,3.August.2012,HRANA,Iran/Yazd,Polarization/Arrest,,206,,,
wp.me/pNMoJ-1s1,"Six Baha'I prisoners moved to  Raja'I Shahr Prison (Didar Ra'ufi, ; Foad Khanjani, Shahrukh Ta'if, Payman Kashfi, Afshin Hirtiyan, Azizullah Samandari ",5.August.2012,5.August.2012,PCED,Iran/Karaj,Polarization/Prison Transfer,,,,,
http://radiozamaneh.com/english/content/iranian-leader-defiant-face-sanctions-0,Iranian Dictator defiant in the face of sanctions,25.July.2012,25.July.2012,,Iran,International / Economic,,,,,
http://english.alarabiya.net/articles/2012/08/04/230367.html,48 Iranian pilgrims abducted in Damascus Iran State TV,4.August.2012,4.August.2012,,Damascus,International/Syria,,,,,
http://www.enduringamerica.com/home/2012/8/9/iran-snap-analysis-tehran-recognises-syrian-opposition-4-pos.html,Iran Snap Analysis: Tehran Recognises Syrian opposition,9.August.2012,9.August.2012,Enduring America,Syria,International/Syria,,,,,
http://www.foxnews.com/world/2012/08/03/elite-iranians-living-high-on-chicken/#ixzz22bg3IJsN,Elite Iranians live in luxury as rest of country feels economic strain of sanctions,3.August.2012,3.August.2012,,Iran,Economic,,,,,
 http://wp.me/pNMoJ-1s1,"Six Bahai Prisoners moved to Raja'I Shahr Prison (Didar Ra'ufi , Foad Khanjani , Shahrukh Ta'if,  Payman Kashfi , Afshin Hirtiyan , Azizullah Samandari ",5.August.2012,5.August.2012,PCED,Iran/Karaj,Polarization/Prison Transfer,,,,,
http://wp.me/pNMoJ-1sa,Shehab Dehqani and Sarang Etehadi free on bail,8.August.2012,8.August.2012,PCED,Iran/Tehran,Release on Bail,,,,,
http://wp.me/pNMoJ-1si,Nahid Zahra'I free on bail,10.August.2012,10.August.2012,PCED,Iran/Tehran,Release on Bail,,,,,
http://wp.me/pNMoJ-1sm,Shahram Mokhtari sentenced in Birjand,10.August.2012,10.August.2012,HRANA,Iran/Birjand(South Khorasan Province),Polarization/Sentencing,,,,,
http://wp.me/pNMoJ-1sq,"Two Bahais named in Iran's Ramadan amnesty (BIHE) Sarang Etehadi, Sadaf Thabetayan",17.August.2012,16.August.2012,Free Bahai Prisoners,Iran,Amnesty ,,,,,
http://wp.me/pNMoJ-1sv,Leva Khanjani begins 2-Year Sentence,27.August.2012,25.August.2012,Persian Icons,Iran/Tehran,Polarization/Sentence Beginning,http://www.persianicons.org/human-right/bahai-student-begins-serving-two-year-prison-term/,,,,
http://wp.me/pNMoJ-1sC,One Arrest in Tehran Province,1.September.2012,27.August .2012,PCED,Iran/Tehran,Polarization/Arrest,http://www.edu-right.net/from-anywhere/human-rights/1076-aresstedpeymanhejabian,,Y,,
http://wp.me/pNMoJ-1sJ,Data on religious minorities in Shiraz gathered through Unions,25.August.2012,25.August.2012,,HRANA,Preparation,http://www.hranews.info/1389-01-27-05-24-07/13355-1.html,,,,
http://wp.me/pNMoJ-1sN,35 arrested in relation to Azerbaijan earthquake: 4 Bahais held,4.September.2012,23.August.2012,Khabar Navard Blog,Iran/Azerbaijan,Polarization/Arrest,,,,,
http://wp.me/pNMoJ-1sS,Keyvan Rahimiyan (BIHE) begins  5 - year sentence,5.September.2012,5.September.2012,PCED,,Polarization/Sentence Beginning,,,Y,,
http://wp.me/pNMoJ-1sW,"Nine Baha'is freed in Mashhad, Yazd and Shiraz",5.September.2012,1.September.2012,HRANA,Iran/Masshad/Yazd/Shiraz,Release,,,,,
http://www.payvand.com/news/12/sep/1031.html?utm_source=twitterfeed&utm_medium=twitter,Iran Launches 1st phase of National Internet Network,4.September.2012,4.September.2012,Fars News Agency,Iran,Internet/Censorship,,,,,
http://www.huffingtonpost.com/2012/09/03/iran-nuclear-site-opened-mongolia-president_n_1852706.html?ncid=edlinkusaolp00000009,Iranian  Nuclear Site Opened To Mongolia's President,3.September.2012,3.September.2012,Associated Press / Huffington Post,Iran,International,,,,,
http://www.international.gc.ca/media/aff/news-communiques/2012/09/07a.aspx?lang=eng&view=d,"Canada Closes Embassy in Iran, Expels Diplomats from Canada",7. September. 2012,7. September. 2012,Foreign Affairs and International Trade Canada,Iran,International /Diplomacy,,,,,
http://in.reuters.com/article/2012/09/10/iran-economy-rial-idINL5E8KA7LI20120910,Iran's central bank under fire as rial hits new lows,10. September. 2012,10. September. 2012,Reuters,Iran,Economic,,,,,
http://wp.me/pNMoJ-1tW,Navid Khanjani begins 12-year sentence,6. September. 2012,6. September. 2012,Sen's Daily,Iran,Polarization/Sentence,,,,,
http://www.payvand.com/news/12/sep/1210.html?utm_source=twitterfeed&utm_medium=twitter,Iran Blocks Popular Google Products,25. September. 2012,25. September. 2012,Payvand Iran News,Iran,Internet/Censorship,,,,,
http://www.iranpressnews.com/english/source/133381.html,"Iran Pursues Stronger, More Restrictive Cyber Strategies",25. September. 2012,23. September. 2012,Iran Press News,Iran,Internet/Censorship,,,,,
http://www.huffingtonpost.com/rajan-menon/why-iran-wont-cave-on-nuc_b_1943064.html?utm_hp_ref=politics&ir=Politics,Why Iran Won't Cave on Nuclear Enrichment,5. October. 2012,5. October. 2012,Huffingtonpost ,Iran,Nuclear power,,,,,
 http://wp.me/pNMoJ-1sF,Anti-Bahaism mixed with anti zionism in Iranian propaganda,10. September. 2012,17. August. 2012,Sen's Daily,Iran/Isfahan,Polarization/Propaganda,,,,,
http://wp.me/pNMoJ-1ut,5 year sentence confirmed for Emanullah Mostaqim,10. September. 2012,10. September. 2012,Sen's Daily,Iran,Polarization/Sentence,,,,,
http://wp.me/pNMoJ-1uC,Two arrests in Masshad,01. October. 2012,26. September. 2012,Sen's Daily,Iran,Polarization/Arrest,,,,,
http://wp.me/pNMoJ-1uS,Shahnaz Zanjebur arrested in Qaemshahr,04. October. 2012,30. September. 2012,Sen's Daily,Iran/Qaemshahr,Polarization/Arrest,,,,,
http://wp.me/pNMoJ-1uZ ,Update on 3 Arrests in Mashhad,04. October. 2012,26. September. 2012,Sen's Daily,Iran,Polarization/Arrest,,,,,
 http://wp.me/pNMoJ-1v3,Two Bahais begin 5 year sentences,04. October. 2012,02. September. 2012,Sen's Daily,Iran/Mashhad,Polarization/Sentence Beginning,,,,,
 http://wp.me/pNMoJ-1v6,Sentences of three Bahais announced in Semnan,05. October. 2012,04. October. 2012,Sen's Daily,Iran/Semnan,Polarization/Sentencing,,,,,
http://wp.me/pNMoJ-1va,Keyvan Rahimiyan and Azzizullah Samandari,05. October. 2012,03. October. 2012,Sen's Daily,Iran/Raja'i Shahr Prison,Polarization/Prison Transfer,,,,,
http://wp.me/pNMoJ-1vf,Health concerns for Hoshang Fana'ayan inprison,05. October. 2012,01. October. 2012,Sen's Daily,Iran/Fana'ayan Prison,Polarization/Detention/Health Conditions,,,,,
http://wp.me/pNMoJ-1vp,One arrest in Masshad (Adib) Sho'a'i,09. October. 2012,06. October. 2012,Sen's Daily,Iran/Mashhad,Polarization/Arrest,,,,,
http://wp.me/pNMoJ-1vu,Adel Na'imi now 70 days in solitary,09. October. 2012,09. October. 2012,Sen's Daily,Iran/Tehran,Polarization/Prison Term,,,,,
http://wp.me/pNMoJ-1vY,Bahai fined in Tonekabon,09. October. 2012,09. October. 2012,Bahai News Service,Iran/Tonekabon,Polarization,,,,,
http://wp.me/pNMoJ-1vy,Update on on prisoners of conscience in Semnan,11. October. 2012,10. October. 2012,Sen's Daily,Iran/Semnan,Polarization/Prison Term,,,,,
http://www.bic.org/news/grave-concern-over-irans-human-rights-abuses ,"""Grave concern"" over Iran's human rights abuses",15. October. 2012,15. October. 2012,United Nations,Iran,International/Political,,,,,
http://iranbriefing.net/?p=15481,Baha’i minorities persecuted,16. October. 2012,16. October. 2012,Iran Briefing,Iran,Polarization/Prison Sentence,,,,,
http://www.en-hrana.org/index.php?option=com_content&view=article&id=640:1&catid=13:religious-minorities&Itemid=13,"Anisa Fanai'an, Iranian Baha'i citizen was sentenced to prison",14. October. 2012,14. October. 2012,HRANA,Iran/Semnan,Polarization/Sentencing,,,,,
http://wp.me/pNMoJ-1vP,85 Year old Bahai sentenced to 3 years,15. October. 2012,15.October. 2012,HRANA,Iran/South Khorasan Province,Polarization/Sentencing,,,,,
http://www.irandailybrief.com/2012/10/16/bahai-persecuted/,Baha’i persecuted (Anisa Fanai'an),16. October. 2012,16. October. 2012,Iran Daily Brief,Iran/Semnan,Polarization/Sentencing,,,,,
http://wp.me/pNMoJ-1vU,Sentence Reduced for Anisa Fana'ayan,14. October. 2012,14. October. 2012,HRANA,Iran,Sentence Reduction,,,,,
http://www.iranpresswatch.org/post/9160,Continued persecution of Baha’is in Egypt,14. October. 2012,22. August. 2012,Iran Press Watch,Egypt,Polarization,,,,,
http://www.sunnewsnetwork.ca/sunnews/politics/archives/2012/10/20121022-170800.html,IRAN'S GOVERNMENT AN EVIL REGIME: BAIRD,22. October. 2012,22. October. 2012,Sun News Network,Canada,International/Political/Diplomacy,,,,,
http://uk.reuters.com/article/2012/10/22/uk-iran-religion-un-idUKBRE89L1I920121022,Baha'i is most persecuted religion in Iran - U.N. investigator,22. October. 2012,22. October. 2012,Reuters,Iran,International/Political,,,,,
http://www.turkishweekly.net/news/144144/un-investigator-hits-iran-on-human-rights.html,UN Investigator Hits Iran on Human Rights,23. October. 2012,22. October. 2012,The Journal of Turkish Weekly,Iran,International/Political,,,,,
http://global.christianpost.com/news/bahai-most-persecuted-religion-in-iran-christians-also-threatened-83794/,Bahai' Most Persecuted Religion in Iran; Christians Also Threatened,23. October. 2012,22. October. 2012,Christian Post Middle East,Iran,International/Political,,,,,
http://dailymaverick.co.za/article/2012-10-23-bahai-is-most-persecuted-religion-in-iran-un-investigator,Baha'i is most persecuted religion in Iran - UN investigator,23. October. 2012,22. October. 2012,Daily Maverick (South Africa),Iran,International/Political,,,,,
http://www.houstonbahai.org/post/Bahais-Most-Persecuted-Religion-in-Iran-UN-Investigator.aspx,Bahá'ís Most Persecuted Religion in Iran: U.N. Investigator,24. October. 2012,22. October. 2012,Houston Bahá'ís,Iran,International/Political,,,,,
https://whyweprotest.net/community/threads/un-investigator-hits-iran-on-human-rights.105969/,UN Investigator Hits Iran on Human Rights,22. October. 2012,22. October. 2012,Why We Protest,Iran,International/Political,,,,,
http://katherynbrandy.newsvine.com/_news/2012/10/22/14624947-iran-on-a-monday?threadId=3596029&commentId=71359140,IRAN: On a Monday,22. October. 2012,22. October. 2012,Newsvine,Iran,International/Political,,,,,
http://www.cbsnews.com/8301-501704_162-57538440/german-lawmakers-hope-to-push-iran-on-human-rights/,German lawmakers hope to push Iran on human rights,23. October. 2012,23. October. 2012,CBS News,Germany/Iran,International/Political,,,,,
http://www.dailynebraskan.com/news/article_5c16a4be-1d92-11e2-ba0d-001a4bcf6878.html,"Baha’i student, family find sanctuary, religious freedom in U.S",24. October. 2012,24. October. 2012,Daily Nebraskan,U.S./Iran,International/Political,,,,,
http://www.iranian.com/main/2012/oct/33-women-prisoner-day,33 Women: Prisoner of the day: Evin Prison Women's Ward,24. October. 2012,24. October. 2012,Iranian,Iran/Evin Prison,Polarization/Detention/Health Conditions,,,,,
http://www.parliament.uk/business/news/2012/october/westminster-hall-debates-24-october-2012/,Westminster Hall debates: 24 October 2012,24. October. 2012,24. October. 2012,Parliament UK,Iran,International/Political,http://www.publications.parliament.uk/pa/cm201213/cmhansrd/cm121024/halltext/121024h0002.htm,,,,
http://www.oyetimes.com/news/middle-east/31013-a-brief-report-on-human-rights-situation-in-iran-in-mehr-1391-september-october-2012-by-shirin-ebadi,A Brief Report on Human Rights Situation in Iran in Mehr 1391 - September- October 2012 By Shirin Ebadi,26. October. 2012,Several Dates,Oye! Times,Iran/Mehr,Polarization,,,,,
http://www.irandailybrief.com/2012/10/25/arrest-of-another-young-bahai-woman/,Arrest of another young Baha’i woman,25. October. 2012,25. October. 2012,Iran Daily Brief,Iran/Tehran,Polarization/Arrest,,,,,
http://www.en-hrana.org/index.php?option=com_content&view=article&id=646:1&catid=13:religious-minorities&Itemid=13,"New wave of the arrest of Baha'i citizens in Golestan Provence, Iran",17. October. 2012,17. October. 2012,HRANA,Iran/Golestan,Polarization/Arrest,,,,,
http://iranbriefing.net/?p=15592,Baha’i sentenced to 28 months in prison,25. October. 2012,25. October. 2012,Iran Briefing,Iran/Semnan,Polarization/Sentencing,,,,,
http://www.al.com/living/index.ssf/2012/10/tribunal_for_iran_testimony.html,Madison Baha'i woman testifies at International Tribunal for Iran at The Hague,31. October. 2012,25. October. 2012 - 27. October. 2012,Alabama.com,The Netherlands (The Hague),International/Political,,,,,
http://www.freedomessenger.com/archives/52031,Court session for 11 Baha’i citizens held in Mashhad,31. October. 2012,28. October. 2012,Freedom Messenger,Iran/Mashhad,Polarization / Sentencing,,,,,
http://bahaiforums.com/persecution/8952-situation-clearly-grave.html,"""The situation is clearly grave...""",31. October. 2012,Several Dates,Baha’i Forums,UN/UK,International/Political,,,,,
http://iranbriefing.net/?p=15671,Ailing Baha’i student denied hospital treatment,01. November. 2012,01. November. 2012,Iran Briefing,Iran/Raja'i Shahr Prison,Polarization/Detention/Health Conditions,,,,,
http://www.iranian.com/main/2012/nov/sabeti-and-torabi-prisoners-day,Sabeti and Torabi: Prisoners of the day: Bahai couple,02. November. 2012,01. November. 2012,Iranian,Iran/Semnan (Sangsar),Polarization/Arrest,,,,,
http://www.lsa.umich.edu/lsa/archives/ci.educationunderfire_ci.detail,Education  Under Fire,02. November. 2012,02. November. 2012,"University of Michigan: College of Literature, Science, and the Arts",Iran,International/Political,,,,,
,Five prisoners,,,,,,,,,,
